{
  "boundingBox": {
    "origin": { "x": 145.5238037109375, "y": 100.19047546386719 },
    "size": { "height": 238.09524536132812, "width": 163.8095245361328 }
  },
  "cornerPoints": [
    { "x": 105.52381134033203, "y": 145.5238037109375 },
    { "x": 100.19047546386719, "y": 298.28570556640625 },
    { "x": 327.23809814453125, "y": 309.3333435058594 },
    { "x": 338.28570556640625, "y": 154.2857208251953 }
  ],
  "data": "4061458185011",
  "raw": "4061458185011",
  "target": 29,
  "type": 32
}
